mvnw	4868ac80043658ef9b096b891bae0a4ce3f9b9b662c6fb16675a1c0b981a482a
build/capture-pre-move-legacy-baseline.sh	07f4978b2467ea413ec02443474b8b55ee9b57f81f35fe4e82709acfdd27c152
build/compare-legacy-baseline.sh	201df2f3b56c30a8f17b99aa648e54d20309f43c4699a7d6588aee4016e7ca45
build/generate-phase-00-evidence.sh	3392f81a9d737e1c02c4d18d3bc2dfe9140590e139e067073193f6aae3baaa01
build/lib/fail-closed-gates.sh	952316ba6cc012c538b20ce929f4fe001b9937df3416ad363fa796fb7e440c41
build/lib/maven-launcher-core.sh	0039e3623b4e743c2d1969de2f20d20529af96a586f9fe93564cbb94fb4342a7
build/lib/maven-launcher-fail-closed.sh	9509e35a4a31c35d64e04a5a02aaf733c55abe234fcee7db1e83b5697e5c200c
build/lib/maven-wrapper-fail-closed.sh	e676292cad44cebe983a2c8ecafcf88367fb8a26441230f8c5e469f8a85c6e39
build/run-verify-gate-tool-inventory.sh	d3b2324335b54886911670020bf0b856f70a33dc2b4a8aa7c7a8eca48f6a9e0a
build/seal-evidence-bundle.sh	4d1488784a6d2fdb762bbeee9525a24cb5a59bf6604030880fe9d29014549b19
build/seed-isolated-maven-repository.sh	e893a3b6c0c69500cf24c7f4cc8063c838db1e746ea022f7dba08de382c9765a
build/stage-maven-help-plugin-cache.sh	1078d9d7f8bb4b7d401820ab3ca16f95249c9df03b113501e9a3c6fe92c0d61c
build/test-evidence-bundle-integrity.sh	99e614e1a6d18e2f061bfefe5f95c24a63ba397e9ee99046503ab8a07a915552
build/test-gate-detector-faults.sh	9d07da96622b6f359d2a593cd346607d1537760c1048f49f0e74c3d6e5505a28
build/test-gate-tool-inventory-receipt.sh	a73cc305f2484238b1081717ff4ab927a48f5d0d0c1d6b9ffae2f2806b0c75b5
build/test-git-whitespace-semantics.sh	6b8ff1ce59d82c24f2969891a304826e0f40f34c7e50483ba44fea29f5ba353a
build/test-maven-launcher-parity.sh	c92d754ea329fcfe51c7f16ec7a25b988c50897b7a63731a5c8c2ae8418de1b0
build/test-maven-wrapper-faults.sh	9dd50cfddaaf9cc524a8f0f60828c880c2b7240c8e12aee4507c5c37086f2ed5
build/test-support/maven-private-test-driver.sh	6a27828644cb6d54793faa403a62fd9abb34021f25ce49295310a90a13e26f51
build/verify-bytecode-boundaries.sh	6859803fd95cfa6c1ca7b98871282b7aaf455175e81feb24fae71afebedfe09e
build/verify-evidence-bundle.sh	d4ce68b7ab84ac424c8226e73021042527145b3b736c1cf1a30857fc314cf640
build/verify-evidence-redaction.sh	8a3aa909766b40a4242bff9e4bc5ba081be343ed1e418f9b58ea9a169d14a609
build/verify-gate-tool-inventory.sh	1c5a17127db278ecb30e516f3b15fa693b223681c82309613526c2ba5baf1719
build/verify-phase-00-source-scans.sh	6dddfe9d37173e7504a3ee79ae4acfbfe67ae3ac6b4282656fd57c163006faa2
build/verify-phase-00-source-scope.sh	d37d29350d6f230a5455804bf8d356a8fe4a3b331d3e7168fb2e6d229ff53609
build/verify-pre-review-evidence-manifest.sh	25809913bb440070e0ddf7276caf6b200abb80fab6ff465a43d5add8c1e72e28
build/verify-reproducible-build.sh	18476cb13beb163a9f15ae9a19c69fc4b8fc8e55b6b38575fa929506022f5810
build/verify-toolchain.sh	318e7c7c4644d839fb386c23fe6988718b88f1d18e8327946b68cf4e473fabce
build/write-effective-pom.sh	a6eaa710e6772fa6556a7b11410474fda79770dc37e86d3dbe3758150875c35c
